Model,Accuracy,AUC,CV_Mean,CV_Std
随机森林,0.9087837837837838,0.7597876575978766,0.9163806050203819,0.004999561556985865
XGBoost,0.9222972972972973,0.8706038487060385,0.916387756561539,0.004875699223844837
