Model,Accuracy,AUC,CV_Mean,CV_Std
随机森林,0.918918918918919,0.8968148639681487,0.9214617750125151,0.008616512037746249
XGBoost,0.9358108108108109,0.9223623092236231,0.9087963956232569,0.018551538869116337
